"text","favorited","favoriteCount","replyToSN","created","truncated","replyToSID","id","replyToUID","statusSource","screenName","retweetCount","isRetweet","retweeted","longitude","latitude","coin"
"RT @IrishGirlCrypt1: üö®FAST #Ethereum #Crypto #Giveawayüö®

üéÅONE PERSON GETS $20 IN $ETH ü§ë

üßú‚Äç‚ôÄÔ∏èEasy Rules:

‚úÖLike &amp; Retweet

‚úÖFollow @IrishGi‚Ä¶",FALSE,0,NA,2020-02-11 23:59:28,FALSE,NA,"1227381671864852481",NA,"<a href=""http://twitter.com/download/android"" rel=""nofollow"">Twitter for Android</a>","athanmaano",756,TRUE,FALSE,NA,NA,"$ETH"
"Cryptocurrencies $ETH $LTC $DASH $XMR $ZCASH https://t.co/Vn54eOgqG9 https://t.co/WIFMtL5OXN",FALSE,0,NA,2020-02-11 23:59:21,FALSE,NA,"1227381639090769920",NA,"<a href=""http://www.worldcoinindex.com"" rel=""nofollow"">WCI Trending</a>","WorldCoinIndex",1,FALSE,FALSE,NA,NA,"$ETH"
"$DUSK Main target reached with 27% profit. 

#DUSK / $BTC pair is showing a strong bullish trend. So DUSK / $USDT i‚Ä¶ https://t.co/ZHzUjsFN5q",FALSE,4,NA,2020-02-11 23:57:37,TRUE,NA,"1227381204640391168",NA,"<a href=""https://mobile.twitter.com"" rel=""nofollow"">Twitter Web App</a>","_CryptoT",2,FALSE,FALSE,NA,NA,"$ETH"
"Hourly price Update üó£:
Bitcoin $BTC: 10225.95 $USDT
Ethereum $ETH: 236.82 $USDT",FALSE,0,NA,2020-02-11 23:57:19,FALSE,NA,"1227381128270577673",NA,"<a href=""https://yannis.dev"" rel=""nofollow"">Rekt FTX</a>","RektFtx",0,FALSE,FALSE,NA,NA,"$ETH"
"RT @SatoshiFlipper: Soon:

$BTC $11k

$ETH $250

$LTC $100",FALSE,0,NA,2020-02-11 23:56:53,FALSE,NA,"1227381021693423616",NA,"<a href=""http://twitter.com/download/iphone"" rel=""nofollow"">Twitter for iPhone</a>","LowByter",80,TRUE,FALSE,NA,NA,"$ETH"
"RT @Cardanians_io: #Cardano is like Linux or modern Microsoft, with the difference that the project is owned and decentralized by $ADA coin‚Ä¶",FALSE,0,NA,2020-02-11 23:56:43,FALSE,NA,"1227380977195814912",NA,"<a href=""http://twitter.com/download/android"" rel=""nofollow"">Twitter for Android</a>","sirjohnhargrave",34,TRUE,FALSE,NA,NA,"$ETH"
"RT @CKvack: I know I follow a lot of $link marines but practically EVERYONE is shilling $link in my feed today. 

The inevitable is arrivin‚Ä¶",FALSE,0,NA,2020-02-11 23:55:24,FALSE,NA,"1227380648031248386",NA,"<a href=""http://twitter.com/download/android"" rel=""nofollow"">Twitter for Android</a>","DDivs3",1,TRUE,FALSE,NA,NA,"$ETH"
"@HodlJamie @lisaillman @ChainLinkGod @Crypto_Fido @ChainlinkBull Yes, Jamie! That‚Äôs a suggestion too. Split between $ETH &amp; $LINK",FALSE,2,"HodlJamie",2020-02-11 23:55:21,FALSE,"1227380370066178049","1227380635150487553","999072548431085573","<a href=""http://twitter.com/download/iphone"" rel=""nofollow"">Twitter for iPhone</a>","knots2kurls",0,FALSE,FALSE,NA,NA,"$ETH"
"RT @BITCOlNBULL: Giving away 10 {$2,392.00} #Ethereum 

üîë RT &amp; Like
üîë Follow @BITCOlNBULL
üîë Follow @bloqport 
üîë Tag 5 friends
 
üí∞ 5 Win 2 $‚Ä¶",FALSE,0,NA,2020-02-11 23:54:53,FALSE,NA,"1227380514866118656",NA,"<a href=""http://twitter.com/download/android"" rel=""nofollow"">Twitter for Android</a>","SeptaNu83873326",309,TRUE,FALSE,NA,NA,"$ETH"
"RT @bitcoin_brown: Are you all ready for what is about to happen?

‚úÖ $BTC dominance slipping
‚úÖ $ALTS popping every other day
‚úÖ Bullish sent‚Ä¶",FALSE,0,NA,2020-02-11 23:54:29,FALSE,NA,"1227380418015637504",NA,"<a href=""http://twitter.com/download/android"" rel=""nofollow"">Twitter for Android</a>","cryptoenlighte1",3,TRUE,FALSE,NA,NA,"$ETH"
"A Million EPayments Accounts Frozen Due to Regulation Control &gt;&gt;@ https://t.co/nrzSN0PH8x || $btc $eth $ltc $xrp‚Ä¶ https://t.co/5VsL4R7rkK",FALSE,0,NA,2020-02-11 23:53:14,TRUE,NA,"1227380102889119749",NA,"<a href=""http://thecryptokeepers.com/"" rel=""nofollow"">thecryptokeepers</a>","thecryptokeepr",0,FALSE,FALSE,NA,NA,"$ETH"
"US Congressman Challenges Fed Chair on Threat of China‚Äôs Digital Currency &gt;&gt;@ https://t.co/QzAgzGXvTC || $btc $eth‚Ä¶ https://t.co/lnp5NxujR8",FALSE,0,NA,2020-02-11 23:53:05,TRUE,NA,"1227380062883917825",NA,"<a href=""http://thecryptokeepers.com/"" rel=""nofollow"">thecryptokeepers</a>","thecryptokeepr",0,FALSE,FALSE,NA,NA,"$ETH"
"RT @SatoshiFlipper: Soon:

$BTC $11k

$ETH $250

$LTC $100",FALSE,0,NA,2020-02-11 23:52:23,FALSE,NA,"1227379888434212864",NA,"<a href=""http://twitter.com/download/iphone"" rel=""nofollow"">Twitter for iPhone</a>","jaylikescrypto",80,TRUE,FALSE,NA,NA,"$ETH"
"üåüLast tournament finished early! In less than 24h, 5 Caders got max score! Impressive! üëè
üïπÔ∏èLet's start a new one: K‚Ä¶ https://t.co/JuoMANWzGY",FALSE,4,NA,2020-02-11 23:51:47,TRUE,NA,"1227379738055979009",NA,"<a href=""https://mobile.twitter.com"" rel=""nofollow"">Twitter Web App</a>","CrypCade",2,FALSE,FALSE,NA,NA,"$ETH"
"Who wins when it comes to price action? My vote goes to $LINK

$BTC $ETH $LTC",FALSE,0,NA,2020-02-11 23:51:37,FALSE,NA,"1227379694544343041",NA,"<a href=""http://twitter.com/download/iphone"" rel=""nofollow"">Twitter for iPhone</a>","CryptoD1G",0,FALSE,FALSE,NA,NA,"$ETH"
"The total supply of $HEX inflates over time. Richard expects you claim tokens, stake them, buy them with #Ethereum‚Ä¶ https://t.co/lS074r3bsU",FALSE,4,"RUN_BTC",2020-02-11 23:51:28,TRUE,"1227378826772176898","1227379657848369152","1006919088160067584","<a href=""https://mobile.twitter.com"" rel=""nofollow"">Twitter Web App</a>","RUN_BTC",0,FALSE,FALSE,NA,NA,"$ETH"
"RT @onemanatatime: $Crypto Pump Schedule (5 Year Roadmap) 

2018 Q4: Bitcoin &amp; Ethereum Bottom Out
2019 Q2: Bullish Reversal
2020 Q2-Q3: AT‚Ä¶",FALSE,0,NA,2020-02-11 23:51:20,FALSE,NA,"1227379625392623617",NA,"<a href=""http://twitter.com/download/android"" rel=""nofollow"">Twitter for Android</a>","gedepardeata",247,TRUE,FALSE,NA,NA,"$ETH"
"RT @BKCoinCapital: The total $ETH value locked in DeFi markets has just surpassed the $1bln milestone. The most popular DeFi dapps are buil‚Ä¶",FALSE,0,NA,2020-02-11 23:51:12,FALSE,NA,"1227379591674826753",NA,"<a href=""http://twitter.com/download/iphone"" rel=""nofollow"">Twitter for iPhone</a>","MadHatterLos",1,TRUE,FALSE,NA,NA,"$ETH"
"RT @IrishGirlCrypt1: üö®FAST #Ethereum #Crypto #Giveawayüö®

üéÅONE PERSON GETS $20 IN $ETH ü§ë

üßú‚Äç‚ôÄÔ∏èEasy Rules:

‚úÖLike &amp; Retweet

‚úÖFollow @IrishGi‚Ä¶",FALSE,0,NA,2020-02-11 23:50:16,FALSE,NA,"1227379354436399104",NA,"<a href=""http://twitter.com/download/android"" rel=""nofollow"">Twitter for Android</a>","jangrosco16",756,TRUE,FALSE,NA,NA,"$ETH"
"RT @cryptosUSD: üîÑ Prices update in $USD (1 hour):

$BTC   - 10286.7 $   (+0.56 %)
$ETH   - 237.64 $    (-0.03 %)
$XRP   - 0.28 $      (+0.4‚Ä¶",FALSE,0,NA,2020-02-11 23:50:09,FALSE,NA,"1227379323918802949",NA,"<a href=""https://mobile.twitter.com"" rel=""nofollow"">Twitter Web App</a>","OlegSankt",1,TRUE,FALSE,NA,NA,"$ETH"
"RT @SatoshiFlipper: Soon:

$BTC $11k

$ETH $250

$LTC $100",FALSE,0,NA,2020-02-11 23:49:15,FALSE,NA,"1227379098563096577",NA,"<a href=""http://twitter.com/download/android"" rel=""nofollow"">Twitter for Android</a>","nem100000",80,TRUE,FALSE,NA,NA,"$ETH"
"RT @KyleMacLeanX: Charles Hoskinson, co-founder of Ethereum $ETH, founder of Cardano $ADA, will be working with $POLY next. How many ways c‚Ä¶",FALSE,0,NA,2020-02-11 23:48:02,FALSE,NA,"1227378794798841856",NA,"<a href=""https://mobile.twitter.com"" rel=""nofollow"">Twitter Web App</a>","jrriggs2124",16,TRUE,FALSE,NA,NA,"$ETH"
"RT @bitcoin_brown: Are you all ready for what is about to happen?

‚úÖ $BTC dominance slipping
‚úÖ $ALTS popping every other day
‚úÖ Bullish sent‚Ä¶",FALSE,0,NA,2020-02-11 23:47:28,FALSE,NA,"1227378651731095552",NA,"<a href=""https://mobile.twitter.com"" rel=""nofollow"">Twitter Web App</a>","ZerzexNZ",3,TRUE,FALSE,NA,NA,"$ETH"
"Charles Hoskinson, co-founder of Ethereum $ETH, founder of Cardano $ADA, will be working with $POLY next. How many‚Ä¶ https://t.co/HlKeg7Fchu",FALSE,79,NA,2020-02-11 23:47:19,TRUE,NA,"1227378613395349504",NA,"<a href=""https://mobile.twitter.com"" rel=""nofollow"">Twitter Web App</a>","KyleMacLeanX",16,FALSE,FALSE,NA,NA,"$ETH"
"RT @HabichtJonathan: $ETH is doing so well that I am wondering if it will outperform $BTC in the next few months.  I think the true test wi‚Ä¶",FALSE,0,NA,2020-02-11 23:47:15,FALSE,NA,"1227378597121400836",NA,"<a href=""http://twitter.com/download/iphone"" rel=""nofollow"">Twitter for iPhone</a>","deoxygen_BTC",1,TRUE,FALSE,NA,NA,"$ETH"
"RT @joejszabo: This isn‚Äôt $link pumping. This is the market realizing the importance of link and abandoning shit/scam projects

$btc $eth $‚Ä¶",FALSE,0,NA,2020-02-11 23:47:05,FALSE,NA,"1227378555136299009",NA,"<a href=""http://twitter.com/download/iphone"" rel=""nofollow"">Twitter for iPhone</a>","DrewD_j",5,TRUE,FALSE,NA,NA,"$ETH"
"üîÑ Prices update in $USD (1 hour):

$BTC   - 10286.7 $   (+0.56 %)
$ETH   - 237.64 $    (-0.03 %)
$XRP   - 0.28 $‚Ä¶ https://t.co/W5bWjQRw5D",FALSE,0,NA,2020-02-11 23:47:03,TRUE,NA,"1227378546156490752",NA,"<a href=""https://www.google.es/"" rel=""nofollow"">Cryptocurrencies prices to USD</a>","cryptosUSD",1,FALSE,FALSE,NA,NA,"$ETH"
"Are you all ready for what is about to happen?

‚úÖ $BTC dominance slipping
‚úÖ $ALTS popping every other day
‚úÖ Bullish‚Ä¶ https://t.co/9HaMDfpJYk",FALSE,34,NA,2020-02-11 23:46:37,TRUE,NA,"1227378436546670594",NA,"<a href=""https://mobile.twitter.com"" rel=""nofollow"">Twitter Web App</a>","bitcoin_brown",3,FALSE,FALSE,NA,NA,"$ETH"
"üîÑ Prices update in $EUR (1 hour):

$BTC   - 9421.1 ‚Ç¨  (+0.56 %)
$ETH   - 217.65 ‚Ç¨  (+0.02 %)
$XRP   - 0.26 ‚Ç¨    (+0‚Ä¶ https://t.co/AFOf4fbBlj",FALSE,0,NA,2020-02-11 23:45:51,TRUE,NA,"1227378243587772416",NA,"<a href=""https://www.google.es/"" rel=""nofollow"">Cryptocurrencies prices to EUR</a>","cryptosEUR",0,FALSE,FALSE,NA,NA,"$ETH"
"üîÑ Prices update in $USDT (1 hour):

$BTC - 10241.63 $ (+0.57 %)
$ETH - 236.62 $   (0.0 %)
$XRP - 0.28 $     (+0.46‚Ä¶ https://t.co/KuBdgDlkqd",FALSE,0,NA,2020-02-11 23:45:49,TRUE,NA,"1227378234590945281",NA,"<a href=""https://twitter.com/"" rel=""nofollow"">Binance Prices</a>","BinancePrices",0,FALSE,FALSE,NA,NA,"$ETH"
"üîÑ Prices update in $USDT (1 hour):

$BTC - 10251.47 $      (+0.61 %)
$ETH - 236.31 $        (-0.21 %)
$XRP - 0.28 $‚Ä¶ https://t.co/1nyu9O5CR9",FALSE,0,NA,2020-02-11 23:45:26,TRUE,NA,"1227378137799036928",NA,"<a href=""https://www.google.es/"" rel=""nofollow"">Bittrex Prices</a>","BittrexPrices",0,FALSE,FALSE,NA,NA,"$ETH"
"RT @YOUJUSTWIN1: üëÄ $LINK #Chainlink #ETHDenver $ETH https://t.co/bFoEuU2Vpp",FALSE,0,NA,2020-02-11 23:44:57,FALSE,NA,"1227378017024053249",NA,"<a href=""http://twitter.com/download/android"" rel=""nofollow"">Twitter for Android</a>","maik_carr",3,TRUE,FALSE,NA,NA,"$ETH"
"People don‚Äôt understand the plagiarism rules. 

If you copy something and sell it exactly as it is : it‚Äôs plagiaris‚Ä¶ https://t.co/84BTKw2s2J",FALSE,3,NA,2020-02-11 23:44:45,TRUE,NA,"1227377968584044549",NA,"<a href=""http://twitter.com/download/iphone"" rel=""nofollow"">Twitter for iPhone</a>","divslord",0,FALSE,FALSE,NA,NA,"$ETH"
"Wisdom-of-the-crowds. 
Comment which will be $ETH price at the peak of the bull market.
Crowd's individual judgment‚Ä¶ https://t.co/pZigOJx036",FALSE,127,NA,2020-02-11 23:43:53,TRUE,NA,"1227377747170930688",NA,"<a href=""https://mobile.twitter.com"" rel=""nofollow"">Twitter Web App</a>","IamCryptoWolf",9,FALSE,FALSE,NA,NA,"$ETH"
"‚è∞  PRICE UPDATE  üöÄ 

‚≠êÔ∏è $XRP $ 0.2811
24h +2.49% üìà

‚≠êÔ∏è $BTC $ 10250.02
24h +3.76% üìà

‚≠êÔ∏è $ETH $ 236.63
24h +5.42% üìà‚Ä¶ https://t.co/TBfSGP4Nrg",FALSE,1,NA,2020-02-11 23:43:05,TRUE,NA,"1227377548818092033",NA,"<a href=""http://ariebali.com/"" rel=""nofollow"">twitterbotNomadXRP</a>","NomadXrp",0,FALSE,FALSE,NA,NA,"$ETH"
"Users of https://t.co/JJjowr0gws Exchange Can Win Rewards Worth $25,000 in Gocrypto Trading Competition &gt;&gt;@‚Ä¶ https://t.co/RcrRiMG7kU",FALSE,0,NA,2020-02-11 23:41:36,TRUE,NA,"1227377172270272512",NA,"<a href=""http://thecryptokeepers.com/"" rel=""nofollow"">thecryptokeepers</a>","thecryptokeepr",0,FALSE,FALSE,NA,NA,"$ETH"
"RT @BITCOlNBULL: Giving away 10 {$2,392.00} #Ethereum 

üîë RT &amp; Like
üîë Follow @BITCOlNBULL
üîë Follow @bloqport 
üîë Tag 5 friends
 
üí∞ 5 Win 2 $‚Ä¶",FALSE,0,NA,2020-02-11 23:41:03,FALSE,NA,"1227377035477225474",NA,"<a href=""http://twitter.com/download/android"" rel=""nofollow"">Twitter for Android</a>","empykatron",309,TRUE,FALSE,NA,NA,"$ETH"
"RT @1982Pedro1982: #Telcoin - New licence acquired from the Central Bank of Singapore. Incredible news.

The list of licences &amp; partners ke‚Ä¶",FALSE,0,NA,2020-02-11 23:40:30,FALSE,NA,"1227376897887174656",NA,"<a href=""http://twitter.com/download/iphone"" rel=""nofollow"">Twitter for iPhone</a>","CryptoCousteau",17,TRUE,FALSE,NA,NA,"$ETH"
"$AMB #Ambrosusüî•üî•$80B+ collaboration coming soon Even üìàüìà#stockmarkets got jealous if they succeed ‚ù§Ô∏è‚ù§Ô∏è#BTC¬†$BTC $ETH‚Ä¶ https://t.co/TApEcJ4qNr",FALSE,0,NA,2020-02-11 23:40:09,TRUE,NA,"1227376808477118464",NA,"<a href=""http://twitter.com/download/iphone"" rel=""nofollow"">Twitter for iPhone</a>","BitcoinLit",0,FALSE,FALSE,NA,NA,"$ETH"
"RT @antiprosynth: Change my mind:

$ETH #Ethereum is currently by far the best risk/reward investment on the planet. https://t.co/CPSepz7f92",FALSE,0,NA,2020-02-11 23:39:53,FALSE,NA,"1227376742844837897",NA,"<a href=""http://twitter.com/download/iphone"" rel=""nofollow"">Twitter for iPhone</a>","yojimbo244",82,TRUE,FALSE,NA,NA,"$ETH"
"RT @TheCryptoCactus: If this is true then $ETH is locked and loaded...

""United States multinational investment bank, JPMorgan Chase, is se‚Ä¶",FALSE,0,NA,2020-02-11 23:39:37,FALSE,NA,"1227376674112753664",NA,"<a href=""http://twitter.com/download/iphone"" rel=""nofollow"">Twitter for iPhone</a>","yojimbo244",26,TRUE,FALSE,NA,NA,"$ETH"
"Origo Network $OGO has soared 15.00% since 6 pm (chart L). Hedera Hashgraph $HBAR is 7.94% higher (chart R). 2100NE‚Ä¶ https://t.co/KUDXZpBg5D",FALSE,0,NA,2020-02-11 23:39:32,TRUE,NA,"1227376652784742401",NA,"<a href=""https://mobile.twitter.com"" rel=""nofollow"">Twitter Web App</a>","SquawkCrypto",0,FALSE,FALSE,NA,NA,"$ETH"
"biggest test still to come

$ETH $BTC https://t.co/altA25Rh8t",FALSE,1,"J4_fibo",2020-02-11 23:38:44,FALSE,"1227375459345633280","1227376452615593984","700679595620601856","<a href=""https://mobile.twitter.com"" rel=""nofollow"">Twitter Web App</a>","J4_fibo",0,FALSE,FALSE,NA,NA,"$ETH"
"RT @IrishGirlCrypt1: üö®FAST #Ethereum #Crypto #Giveawayüö®

üéÅONE PERSON GETS $20 IN $ETH ü§ë

üßú‚Äç‚ôÄÔ∏èEasy Rules:

‚úÖLike &amp; Retweet

‚úÖFollow @IrishGi‚Ä¶",FALSE,0,NA,2020-02-11 23:38:37,FALSE,NA,"1227376421883895808",NA,"<a href=""https://mobile.twitter.com"" rel=""nofollow"">Twitter Web App</a>","yahoo_yehey",756,TRUE,FALSE,NA,NA,"$ETH"
"RT @IrishGirlCrypt1: üö®FAST #Ethereum #Crypto #Giveawayüö®

üéÅONE PERSON GETS $20 IN $ETH ü§ë

üßú‚Äç‚ôÄÔ∏èEasy Rules:

‚úÖLike &amp; Retweet

‚úÖFollow @IrishGi‚Ä¶",FALSE,0,NA,2020-02-11 23:37:41,FALSE,NA,"1227376187594432513",NA,"<a href=""http://twitter.com/download/android"" rel=""nofollow"">Twitter for Android</a>","GiudGiuliana",756,TRUE,FALSE,NA,NA,"$ETH"
"RT @SatoshiFlipper: Soon:

$BTC $11k

$ETH $250

$LTC $100",FALSE,0,NA,2020-02-11 23:37:40,FALSE,NA,"1227376182200455168",NA,"<a href=""http://twitter.com/download/iphone"" rel=""nofollow"">Twitter for iPhone</a>","ENKiD_24",80,TRUE,FALSE,NA,NA,"$ETH"
"RT @kingscrownBTC: register on https://t.co/3mvkfyYyOX with no documents with this link, login for 30 days in a row win up to 1 #bitcoin $B‚Ä¶",FALSE,0,NA,2020-02-11 23:37:36,FALSE,NA,"1227376168678154240",NA,"<a href=""https://mobile.twitter.com"" rel=""nofollow"">Twitter Web App</a>","xXMarishkaXx",34,TRUE,FALSE,NA,NA,"$ETH"
"RT @onemanatatime: $Crypto Pump Schedule (5 Year Roadmap) 

2018 Q4: Bitcoin &amp; Ethereum Bottom Out
2019 Q2: Bullish Reversal
2020 Q2-Q3: AT‚Ä¶",FALSE,0,NA,2020-02-11 23:36:59,FALSE,NA,"1227376010955558912",NA,"<a href=""http://twitter.com/download/iphone"" rel=""nofollow"">Twitter for iPhone</a>","Jef88333074",247,TRUE,FALSE,NA,NA,"$ETH"
"RT @BITCOlNBULL: This months giveaway is 10 ETH worth $2,382.00! üî•üî•üî•

Click on the tweet below and enter.

$btc $xrp $bch $eth $ltc $eos $n‚Ä¶",FALSE,0,NA,2020-02-11 23:36:49,FALSE,NA,"1227375971457622016",NA,"<a href=""https://mobile.twitter.com"" rel=""nofollow"">Twitter Web App</a>","SutedjaDian",420,TRUE,FALSE,NA,NA,"$ETH"
"RT @roy_noom: 1st Central Bank backed #EURO #stablecoin is going to be launched on #VeChain üßê

Read the comments as well. üßê

#SanMarino #Oc‚Ä¶",FALSE,0,NA,2020-02-11 23:36:45,FALSE,NA,"1227375955133386752",NA,"<a href=""https://mobile.twitter.com"" rel=""nofollow"">Twitter Web App</a>","TungTim1910",32,TRUE,FALSE,NA,NA,"$ETH"
"RT @IrishGirlCrypt1: üö®FAST #Ethereum #Crypto #Giveawayüö®

üéÅONE PERSON GETS $20 IN $ETH ü§ë

üßú‚Äç‚ôÄÔ∏èEasy Rules:

‚úÖLike &amp; Retweet

‚úÖFollow @IrishGi‚Ä¶",FALSE,0,NA,2020-02-11 23:36:34,FALSE,NA,"1227375908299792384",NA,"<a href=""http://twitter.com/download/android"" rel=""nofollow"">Twitter for Android</a>","Red_devillold",756,TRUE,FALSE,NA,NA,"$ETH"
"RT @BITCOlNBULL: This months giveaway is 10 ETH worth $2,382.00! üî•üî•üî•

Click on the tweet below and enter.

$btc $xrp $bch $eth $ltc $eos $n‚Ä¶",FALSE,0,NA,2020-02-11 23:36:19,FALSE,NA,"1227375845011939330",NA,"<a href=""https://mobile.twitter.com"" rel=""nofollow"">Twitter Web App</a>","MDREFAT100",420,TRUE,FALSE,NA,NA,"$ETH"
"RT @SatoZILnakamoto: I'm in $ZIL for the #technology  üòè

#zil #zilliqa $btc #bitcoin $eth #ethereum $xrp $usdt $bch $ltc $eos $bnb $xlm $ad‚Ä¶",FALSE,0,NA,2020-02-11 23:35:41,FALSE,NA,"1227375683933962240",NA,"<a href=""http://twitter.com/download/iphone"" rel=""nofollow"">Twitter for iPhone</a>","TDzakuma",3,TRUE,FALSE,NA,NA,"$ETH"
"RT @BTCBCH: üíäüíäMaybe $AMB can contribute to #Medicare #Medical industry to prevent #disease #Bitcoin¬†#BTC¬†#ETC #Ethereum #ETH $ETH $ETC $BCH‚Ä¶",FALSE,0,NA,2020-02-11 23:35:21,FALSE,NA,"1227375602975404033",NA,"<a href=""http://twitter.com/download/iphone"" rel=""nofollow"">Twitter for iPhone</a>","BTCLad",7,TRUE,FALSE,NA,NA,"$ETH"
"RT @NomadXrp: ‚è∞  PRICE UPDATE  üöÄ 

‚≠êÔ∏è $XRP $ 0.2800
24h +2.27% üìà

‚≠êÔ∏è $BTC $ 10205.55
24h +3.53% üìà

‚≠êÔ∏è $ETH $ 236.39
24h +5.49% üìà

$xrp #the‚Ä¶",FALSE,0,NA,2020-02-11 23:35:20,FALSE,NA,"1227375596755353601",NA,"<a href=""http://aaroncuddeback.com"" rel=""nofollow"">aaroncuddeback.com</a>","AaronCuddeback",3,TRUE,FALSE,NA,NA,"$ETH"
"RT @Bybit_Official: Trade on #Bybit - The Best #Cryptocurrency Derivatives Exchange

 $BTC | $ETH | $EOS | $XRP
üö´ No overloads &amp; downtimes‚Ä¶",FALSE,0,NA,2020-02-11 23:35:11,FALSE,NA,"1227375559967170561",NA,"<a href=""https://mobile.twitter.com"" rel=""nofollow"">Twitter Web App</a>","PeturLichev",3825,TRUE,FALSE,NA,NA,"$ETH"
"RT @IrishGirlCrypt1: üö®FAST #Ethereum #Crypto #Giveawayüö®

üéÅONE PERSON GETS $20 IN $ETH ü§ë

üßú‚Äç‚ôÄÔ∏èEasy Rules:

‚úÖLike &amp; Retweet

‚úÖFollow @IrishGi‚Ä¶",FALSE,0,NA,2020-02-11 23:34:54,FALSE,NA,"1227375489095958528",NA,"<a href=""http://twitter.com/download/iphone"" rel=""nofollow"">Twitter for iPhone</a>","crypto_hulk1",756,TRUE,FALSE,NA,NA,"$ETH"
"RT @BTCIA: $AMB may contribute to prevent #disease #coronavirus in the futureüí•üß™#DNA tracer/smart pallet/$80Bpartner pendingüî•#Bitcoin¬†#BTC #‚Ä¶",FALSE,0,NA,2020-02-11 23:34:50,FALSE,NA,"1227375470066323458",NA,"<a href=""http://twitter.com/download/iphone"" rel=""nofollow"">Twitter for iPhone</a>","CitiCrypto",8,TRUE,FALSE,NA,NA,"$ETH"
"RT @intocryptoverse: $ETH is still seeking its fair valuation, as most of us knew it was undervalued. Remember, bull markets can make you m‚Ä¶",FALSE,0,NA,2020-02-11 23:34:50,FALSE,NA,"1227375469130944513",NA,"<a href=""http://twitter.com/download/android"" rel=""nofollow"">Twitter for Android</a>","caymancryptos",8,TRUE,FALSE,NA,NA,"$ETH"
"$AMB has #foodsafety #Medicine tracking ability, #DNA tech development, super highlight #Altcoin in #supplychains‚Ä¶ https://t.co/mdCkfR7AXR",FALSE,2,NA,2020-02-11 23:34:47,TRUE,NA,"1227375459656060928",NA,"<a href=""http://twitter.com/download/iphone"" rel=""nofollow"">Twitter for iPhone</a>","CitiCrypto",0,FALSE,FALSE,NA,NA,"$ETH"
"#Ethereum relative to #Bitcoin breaking post '18 and post '19 downtrends.

$ETH $BTC $LTC https://t.co/tQKIHrLft4",FALSE,2,NA,2020-02-11 23:34:47,FALSE,NA,"1227375459345633280",NA,"<a href=""https://mobile.twitter.com"" rel=""nofollow"">Twitter Web App</a>","J4_fibo",0,FALSE,FALSE,NA,NA,"$ETH"
"RT @BITCOlNBULL: This months giveaway is 10 ETH worth $2,382.00! üî•üî•üî•

Click on the tweet below and enter.

$btc $xrp $bch $eth $ltc $eos $n‚Ä¶",FALSE,0,NA,2020-02-11 23:34:28,FALSE,NA,"1227375378253127682",NA,"<a href=""https://mobile.twitter.com"" rel=""nofollow"">Twitter Web App</a>","ArmstrongCheeky",420,TRUE,FALSE,NA,NA,"$ETH"
"RT @BITCOlNBULL: Giving away 10 {$2,392.00} #Ethereum 

üîë RT &amp; Like
üîë Follow @BITCOlNBULL
üîë Follow @bloqport 
üîë Tag 5 friends
 
üí∞ 5 Win 2 $‚Ä¶",FALSE,0,NA,2020-02-11 23:34:10,FALSE,NA,"1227375304861081600",NA,"<a href=""https://mobile.twitter.com"" rel=""nofollow"">Twitter Web App</a>","REZIAK07",309,TRUE,FALSE,NA,NA,"$ETH"
"RT @ShardiB2: Of note, $eth still is at almost 80% RSI.  70% is around 210.  Both are overbought.  We could easily go to 190 and it would s‚Ä¶",FALSE,0,NA,2020-02-11 23:34:03,FALSE,NA,"1227375274444017665",NA,"<a href=""http://twitter.com/download/iphone"" rel=""nofollow"">Twitter for iPhone</a>","ENKiD_24",3,TRUE,FALSE,NA,NA,"$ETH"
"@crypto_chief_ @MoonOverlord Tbh the $ETH prediction is extremely minimal.  Could hit 0.15 satoshis. Who knows.‚Ä¶ https://t.co/lRXA12p1wj",FALSE,0,"crypto_chief_",2020-02-11 23:34:00,TRUE,"1227371149606014976","1227375261269671936","2655598711","<a href=""https://mobile.twitter.com"" rel=""nofollow"">Twitter Web App</a>","CryptoIdolic21",0,FALSE,FALSE,NA,NA,"$ETH"
"RT @BITCOlNBULL: This months giveaway is 10 ETH worth $2,382.00! üî•üî•üî•

Click on the tweet below and enter.

$btc $xrp $bch $eth $ltc $eos $n‚Ä¶",FALSE,0,NA,2020-02-11 23:33:55,FALSE,NA,"1227375239346044928",NA,"<a href=""https://mobile.twitter.com"" rel=""nofollow"">Twitter Web App</a>","REZIAK07",420,TRUE,FALSE,NA,NA,"$ETH"
"RT @Journeyto100k_: üéâ 2020 CRYPTO CONTEST IS NOW LIVE! üéâ

$300 $ETH in prizes + 50 million $SRK @sparkpointio 

Prizes for top 500! Huge pr‚Ä¶",FALSE,0,NA,2020-02-11 23:33:39,FALSE,NA,"1227375175290753024",NA,"<a href=""http://twitter.com/download/android"" rel=""nofollow"">Twitter for Android</a>","APOLLO__WORLD",383,TRUE,FALSE,NA,NA,"$ETH"
"RT @inmortalcrypto: .... Send tweet. 

$ETH / $BTC https://t.co/3m2sls60PI",FALSE,0,NA,2020-02-11 23:33:34,FALSE,NA,"1227375152872271873",NA,"<a href=""http://twitter.com/download/android"" rel=""nofollow"">Twitter for Android</a>","lunar_node",71,TRUE,FALSE,NA,NA,"$ETH"
"RT @kynchaturvedi: To: Privacy ONLY Blockchain
From: #TOMOP

Subject: We will do Privacy faster, cheaper, better
-Speed: 2-4 sec 
-Gas Fee:‚Ä¶",FALSE,0,NA,2020-02-11 23:33:03,FALSE,NA,"1227375020265086976",NA,"<a href=""http://twitter.com/download/android"" rel=""nofollow"">Twitter for Android</a>","That_Desi_Girl",50,TRUE,FALSE,NA,NA,"$ETH"
"RT @zhusu: William, too late, I'm greedy again. I'll consider:

$BTC 30k
$ETH 2k

Thanks https://t.co/ZNCwALJzr8",FALSE,0,NA,2020-02-11 23:32:39,FALSE,NA,"1227374920738443265",NA,"<a href=""http://www.echofon.com/"" rel=""nofollow"">Echofon</a>","Snakecase_",53,TRUE,FALSE,NA,NA,"$ETH"
"RT @SenseiHov: $ETH

#ethereum has been a monster but choppy AF

#eth bullish counts

Kinda favoring red bc of lack of any significant macr‚Ä¶",FALSE,0,NA,2020-02-11 23:32:30,FALSE,NA,"1227374884285796359",NA,"<a href=""http://twitter.com/download/iphone"" rel=""nofollow"">Twitter for iPhone</a>","Salman78193095",11,TRUE,FALSE,NA,NA,"$ETH"
"RT @IrishGirlCrypt1: üö®FAST #Ethereum #Crypto #Giveawayüö®

üéÅONE PERSON GETS $20 IN $ETH ü§ë

üßú‚Äç‚ôÄÔ∏èEasy Rules:

‚úÖLike &amp; Retweet

‚úÖFollow @IrishGi‚Ä¶",FALSE,0,NA,2020-02-11 23:32:04,FALSE,NA,"1227374775078653952",NA,"<a href=""https://mobile.twitter.com"" rel=""nofollow"">Twitter Web App</a>","CryptoSibtain",756,TRUE,FALSE,NA,NA,"$ETH"
"RT @inmortalcrypto: .... Send tweet. 

$ETH / $BTC https://t.co/3m2sls60PI",FALSE,0,NA,2020-02-11 23:31:50,FALSE,NA,"1227374715502649346",NA,"<a href=""http://twitter.com/download/android"" rel=""nofollow"">Twitter for Android</a>","cryptocowbois",71,TRUE,FALSE,NA,NA,"$ETH"
"RT @SahirParmar: At the @northern_block meetup. Learning about Self-Sovereign Identity and it‚Äôs use cases.

#blockchain #technology #Toront‚Ä¶",FALSE,0,NA,2020-02-11 23:31:48,FALSE,NA,"1227374709332946945",NA,"<a href=""http://twitter.com/download/iphone"" rel=""nofollow"">Twitter for iPhone</a>","OneLedgerTech",1,TRUE,FALSE,NA,NA,"$ETH"
"RT @SatoshiFlipper: Soon:

$BTC $11k

$ETH $250

$LTC $100",FALSE,0,NA,2020-02-11 23:31:33,FALSE,NA,"1227374644916871174",NA,"<a href=""http://twitter.com/download/android"" rel=""nofollow"">Twitter for Android</a>","Joseaguzman",80,TRUE,FALSE,NA,NA,"$ETH"
"RT @BITCOlNBULL: This months giveaway is 10 ETH worth $2,382.00! üî•üî•üî•

Click on the tweet below and enter.

$btc $xrp $bch $eth $ltc $eos $n‚Ä¶",FALSE,0,NA,2020-02-11 23:31:31,FALSE,NA,"1227374637681537026",NA,"<a href=""http://twitter.com/download/iphone"" rel=""nofollow"">Twitter for iPhone</a>","Godspower_xx",420,TRUE,FALSE,NA,NA,"$ETH"
"RT @TheCryptoCactus: $ETH HTF Update

Probably the most bullish thing I've seen in a long time...

I think we see $270 next, clear sailing‚Ä¶",FALSE,0,NA,2020-02-11 23:31:12,FALSE,NA,"1227374556517748736",NA,"<a href=""https://mobile.twitter.com"" rel=""nofollow"">Twitter Web App</a>","ganykoze36",13,TRUE,FALSE,NA,NA,"$ETH"
"RT @Bunnywinkles: @BTC_JackSparrow Once @flarewallet is up and running with $nix privacy transactions, then private $btc $eth $doge and any‚Ä¶",FALSE,0,NA,2020-02-11 23:30:46,FALSE,NA,"1227374447885193216",NA,"<a href=""http://twitter.com/download/iphone"" rel=""nofollow"">Twitter for iPhone</a>","FileNotFound4o4",1,TRUE,FALSE,NA,NA,"$ETH"
"RT @roy_noom: 1st Central Bank backed #EURO #stablecoin is going to be launched on #VeChain üßê

Read the comments as well. üßê

#SanMarino #Oc‚Ä¶",FALSE,0,NA,2020-02-11 23:30:39,FALSE,NA,"1227374419326038016",NA,"<a href=""http://twitter.com/download/iphone"" rel=""nofollow"">Twitter for iPhone</a>","june1704913742",32,TRUE,FALSE,NA,NA,"$ETH"
"RT @CryptoOwenW: $LINK to $4 &amp; $XTZ to $3 soon. Just the beginning though. 

IMO these are long term hodls that could possibly go on a para‚Ä¶",FALSE,0,NA,2020-02-11 23:30:32,FALSE,NA,"1227374389861273600",NA,"<a href=""http://twitter.com/download/android"" rel=""nofollow"">Twitter for Android</a>","CryptoMarigny",3,TRUE,FALSE,NA,NA,"$ETH"
"buy $ETH on #coinbase @ 236.7 https://t.co/hmmkEjSVM0 https://t.co/a9yzsSm96w",FALSE,0,NA,2020-02-11 23:30:17,FALSE,NA,"1227374324665004033",NA,"<a href=""https://bitpeaks.com"" rel=""nofollow"">bitpeaks</a>","bitpeaks",0,FALSE,FALSE,NA,NA,"$ETH"
"RT @BTCIA: $AMB may contribute to prevent #disease #coronavirus in the futureüí•üß™#DNA tracer/smart pallet/$80Bpartner pendingüî•#Bitcoin¬†#BTC #‚Ä¶",FALSE,0,NA,2020-02-11 23:30:10,FALSE,NA,"1227374294654570496",NA,"<a href=""http://twitter.com/download/iphone"" rel=""nofollow"">Twitter for iPhone</a>","DappCom",8,TRUE,FALSE,NA,NA,"$ETH"
"Sign up for Kucoin and save on trading fees!

https://t.co/KtYreSHr9m

$MATIC $BTC $ETH $XRP $RVN $LINK $VET $LTC $TRX $EOS $BNB $BCH $NEO",FALSE,0,NA,2020-02-11 23:30:10,FALSE,NA,"1227374294595883008",NA,"<a href=""https://www.cub.so"" rel=""nofollow"">Cubi.so</a>","The_Crypto_Jew",0,FALSE,FALSE,NA,NA,"$ETH"
"Yo #cryptotwitter what is your fav crypto debit card? I love my bitpay card so much but one downside...no chip :(.‚Ä¶ https://t.co/tViZaBGVKQ",FALSE,0,NA,2020-02-11 23:30:09,TRUE,NA,"1227374291429318657",NA,"<a href=""https://mobile.twitter.com"" rel=""nofollow"">Twitter Web App</a>","FallenSputnik",0,FALSE,FALSE,NA,NA,"$ETH"
"RT @zhusu: William, too late, I'm greedy again. I'll consider:

$BTC 30k
$ETH 2k

Thanks",FALSE,0,NA,2020-02-11 23:30:04,FALSE,NA,"1227374270613000192",NA,"<a href=""http://twitter.com/download/iphone"" rel=""nofollow"">Twitter for iPhone</a>","wasihass",53,TRUE,FALSE,NA,NA,"$ETH"
"RT @BITCOlNBULL: This months giveaway is 10 ETH worth $2,382.00! üî•üî•üî•

Click on the tweet below and enter.

$btc $xrp $bch $eth $ltc $eos $n‚Ä¶",FALSE,0,NA,2020-02-11 23:29:18,FALSE,NA,"1227374077402177536",NA,"<a href=""http://twitter.com/download/android"" rel=""nofollow"">Twitter for Android</a>","bidanh007",420,TRUE,FALSE,NA,NA,"$ETH"
"RT @IrishGirlCrypt1: üö®FAST #Ethereum #Crypto #Giveawayüö®

üéÅONE PERSON GETS $20 IN $ETH ü§ë

üßú‚Äç‚ôÄÔ∏èEasy Rules:

‚úÖLike &amp; Retweet

‚úÖFollow @IrishGi‚Ä¶",FALSE,0,NA,2020-02-11 23:29:07,FALSE,NA,"1227374031311011840",NA,"<a href=""http://twitter.com/download/android"" rel=""nofollow"">Twitter for Android</a>","jeremyxyla",756,TRUE,FALSE,NA,NA,"$ETH"
"Ducking send it!!! Send it!!!!!! Send it god dammittt!!!  $link $algo $eth $ocean $pcx $matic $one https://t.co/pNtzv42XuG",FALSE,7,NA,2020-02-11 23:28:59,FALSE,NA,"1227373999149264896",NA,"<a href=""http://twitter.com/download/iphone"" rel=""nofollow"">Twitter for iPhone</a>","chokethehippo",0,FALSE,FALSE,NA,NA,"$ETH"
"RT @ColdBloodShill: I don't think this $ETH scam is going to make me going 3/3 easy. https://t.co/irXeCXqz4r",FALSE,0,NA,2020-02-11 23:28:52,FALSE,NA,"1227373968216199173",NA,"<a href=""http://twitter.com/download/iphone"" rel=""nofollow"">Twitter for iPhone</a>","socksobsessed",5,TRUE,FALSE,NA,NA,"$ETH"
"When did you first get into #crypto (#bitcoin $BTC $ETH $XRP etc)",FALSE,0,NA,2020-02-11 23:28:44,FALSE,NA,"1227373936175960070",NA,"<a href=""http://twitter.com/download/iphone"" rel=""nofollow"">Twitter for iPhone</a>","Cams_Tweeting",0,FALSE,FALSE,NA,NA,"$ETH"
"RT @CryptoMessiah: $Eth update:

Don't deny the power of the fan. https://t.co/chyz1eSdgj https://t.co/CpkHAneWfq",FALSE,0,NA,2020-02-11 23:28:35,FALSE,NA,"1227373897496039426",NA,"<a href=""http://twitter.com"" rel=""nofollow"">Twitter Web Client</a>","CryptoOwenW",2,TRUE,FALSE,NA,NA,"$ETH"
"@CryptoVillain_ @TomoChainANN All great criteria for investing. I would also add coin supply. $tomo supply is insan‚Ä¶ https://t.co/R6WgNuVOT8",FALSE,3,"CryptoVillain_",2020-02-11 23:28:16,TRUE,"1227352771629899776","1227373820031328256","968037586978639872","<a href=""http://twitter.com/download/iphone"" rel=""nofollow"">Twitter for iPhone</a>","Boun07188637",0,FALSE,FALSE,NA,NA,"$ETH"
"RT @BITCOlNBULL: This months giveaway is 10 ETH worth $2,382.00! üî•üî•üî•

Click on the tweet below and enter.

$btc $xrp $bch $eth $ltc $eos $n‚Ä¶",FALSE,0,NA,2020-02-11 23:28:11,FALSE,NA,"1227373796874539008",NA,"<a href=""http://twitter.com/download/android"" rel=""nofollow"">Twitter for Android</a>","Sitinurrha",420,TRUE,FALSE,NA,NA,"$ETH"
"Pi is a crypto that will be hitting exchanges this year. You can mine it free from your phone (look at my pinned tw‚Ä¶ https://t.co/bDJXCVTyD4",FALSE,0,NA,2020-02-11 23:27:56,TRUE,NA,"1227373736262680576",NA,"<a href=""https://mobile.twitter.com"" rel=""nofollow"">Twitter Web App</a>","mschube13",0,FALSE,FALSE,NA,NA,"$ETH"
"RT @CryptoManianer: @MikeNerdUK @Tavitt_CoLtd It makes sense for each token to migrate to $Trx. Sorry $eth but this is business",FALSE,0,NA,2020-02-11 23:27:54,FALSE,NA,"1227373726670323713",NA,"<a href=""http://twitter.com/download/iphone"" rel=""nofollow"">Twitter for iPhone</a>","Trontonium",1,TRUE,FALSE,NA,NA,"$ETH"
"RT @kjbeck_au: Finally received my @DigitalBitsOrg branded hoodie, Thanks @alex_yyz üòé Feels extra comfy with $XDB making ATH in $USD and ou‚Ä¶",FALSE,0,NA,2020-02-11 23:27:52,FALSE,NA,"1227373716398436352",NA,"<a href=""http://twitter.com/download/android"" rel=""nofollow"">Twitter for Android</a>","danangbubu",15,TRUE,FALSE,NA,NA,"$ETH"
"RT @onemanatatime: $Crypto Pump Schedule (5 Year Roadmap) 

2018 Q4: Bitcoin &amp; Ethereum Bottom Out
2019 Q2: Bullish Reversal
2020 Q2-Q3: AT‚Ä¶",FALSE,0,NA,2020-02-11 23:27:51,FALSE,NA,"1227373715631083522",NA,"<a href=""http://twitter.com/download/iphone"" rel=""nofollow"">Twitter for iPhone</a>","Blockchaining",247,TRUE,FALSE,NA,NA,"$ETH"
"RT @1982Pedro1982: #Telcoin - New licence acquired from the Central Bank of Singapore. Incredible news.

The list of licences &amp; partners ke‚Ä¶",FALSE,0,NA,2020-02-11 23:27:26,FALSE,NA,"1227373610391736321",NA,"<a href=""http://twitter.com/download/android"" rel=""nofollow"">Twitter for Android</a>","cryptopioneer1",17,TRUE,FALSE,NA,NA,"$ETH"
"$vra huge breakout with volume grab a long and hold on 

$btc $eth $coti $matic $tomo https://t.co/2vuauLnhJb",FALSE,9,NA,2020-02-11 23:27:08,FALSE,NA,"1227373533581500419",NA,"<a href=""http://twitter.com/download/iphone"" rel=""nofollow"">Twitter for iPhone</a>","dissatisfiedoge",2,FALSE,FALSE,NA,NA,"$ETH"
"Does it stall out here, or smash through those neat little lines I drew?

$ETH/USD https://t.co/7sG4dOgYw0",FALSE,0,"waltseason",2020-02-11 23:26:50,FALSE,"1226652315857256450","1227373457920278530","1107031875518787584","<a href=""http://twitter.com/download/iphone"" rel=""nofollow"">Twitter for iPhone</a>","waltseason",0,FALSE,FALSE,NA,NA,"$ETH"
